espn_id,display_name,short_name,location,name,abbreviation,color,logo
2000,Abilene Christian Wildcats,Abilene Chrstn,Abilene Christian,Wildcats,ACU,592d82,https://a.espncdn.com/i/teamlogos/ncaa/500/2000.png
2005,Air Force Falcons,Air Force,Air Force,Falcons,AF,003594,https://a.espncdn.com/i/teamlogos/ncaa/500/2005.png
2006,Akron Zips,Akron,Akron,Zips,AKR,00285e,https://a.espncdn.com/i/teamlogos/ncaa/500/2006.png
2010,Alabama A&M Bulldogs,Alabama A&M,Alabama A&M,Bulldogs,AAMU,790000,https://a.espncdn.com/i/teamlogos/ncaa/500/2010.png
333,Alabama Crimson Tide,Alabama,Alabama,Crimson Tide,ALA,9e1632,https://a.espncdn.com/i/teamlogos/ncaa/500/333.png
2011,Alabama State Hornets,Alabama St,Alabama State,Hornets,ALST,e9a900,https://a.espncdn.com/i/teamlogos/ncaa/500/2011.png
2016,Alcorn State Braves,Alcorn St,Alcorn State,Braves,ALCN,4b0058,https://a.espncdn.com/i/teamlogos/ncaa/500/2016.png
44,American University Eagles,American,American University,Eagles,AMER,c41130,https://a.espncdn.com/i/teamlogos/ncaa/500/44.png
2026,App State Mountaineers,App State,App State,Mountaineers,APP,000000,https://a.espncdn.com/i/teamlogos/ncaa/500/2026.png
9,Arizona State Sun Devils,Arizona St,Arizona State,Sun Devils,ASU,8e0c3a,https://a.espncdn.com/i/teamlogos/ncaa/500/9.png
12,Arizona Wildcats,Arizona,Arizona,Wildcats,ARIZ,0c234b,https://a.espncdn.com/i/teamlogos/ncaa/500/12.png
8,Arkansas Razorbacks,Arkansas,Arkansas,Razorbacks,ARK,a41f35,https://a.espncdn.com/i/teamlogos/ncaa/500/8.png
2032,Arkansas State Red Wolves,Arkansas St,Arkansas State,Red Wolves,ARST,e81018,https://a.espncdn.com/i/teamlogos/ncaa/500/2032.png
2029,Arkansas-Pine Bluff Golden Lions,AR-Pine Bluff,Arkansas-Pine Bluff,Golden Lions,UAPB,e0aa0f,https://a.espncdn.com/i/teamlogos/ncaa/500/2029.png
349,Army Black Knights,Army,Army,Black Knights,ARMY,ce9c00,https://a.espncdn.com/i/teamlogos/ncaa/500/349.png
2,Auburn Tigers,Auburn,Auburn,Tigers,AUB,002b5c,https://a.espncdn.com/i/teamlogos/ncaa/500/2.png
2046,Austin Peay Governors,Austin Peay,Austin Peay,Governors,APSU,8e0b0b,https://a.espncdn.com/i/teamlogos/ncaa/500/2046.png
252,BYU Cougars,BYU,BYU,Cougars,BYU,003da5,https://a.espncdn.com/i/teamlogos/ncaa/500/252.png
2050,Ball State Cardinals,Ball State,Ball State,Cardinals,BALL,DA0000,https://a.espncdn.com/i/teamlogos/ncaa/500/2050.png
239,Baylor Bears,Baylor,Baylor,Bears,BAY,154734,https://a.espncdn.com/i/teamlogos/ncaa/500/239.png
91,Bellarmine Knights,Bellarmine,Bellarmine,Knights,BELL,000000,https://a.espncdn.com/i/teamlogos/ncaa/500/91.png
2057,Belmont Bruins,Belmont,Belmont,Bruins,BEL,182142,https://a.espncdn.com/i/teamlogos/ncaa/500/2057.png
2065,Bethune-Cookman Wildcats,Bethune,Bethune-Cookman,Wildcats,BCU,7b1831,https://a.espncdn.com/i/teamlogos/ncaa/500/2065.png
2066,Binghamton Bearcats,Binghamton,Binghamton,Bearcats,BING,00614A,https://a.espncdn.com/i/teamlogos/ncaa/500/2066.png
68,Boise State Broncos,Boise St,Boise State,Broncos,BOIS,0033a0,https://a.espncdn.com/i/teamlogos/ncaa/500/68.png
103,Boston College Eagles,Boston College,Boston College,Eagles,BC,8c2232,https://a.espncdn.com/i/teamlogos/ncaa/500/103.png
104,Boston University Terriers,Boston U,Boston University,Terriers,BU,cc0000,https://a.espncdn.com/i/teamlogos/ncaa/500/104.png
189,Bowling Green Falcons,Bowling Green,Bowling Green,Falcons,BGSU,2b1000,https://a.espncdn.com/i/teamlogos/ncaa/500/189.png
71,Bradley Braves,Bradley,Bradley,Braves,BRAD,b70002,https://a.espncdn.com/i/teamlogos/ncaa/500/71.png
225,Brown Bears,Brown,Brown,Bears,BRWN,411e09,https://a.espncdn.com/i/teamlogos/ncaa/500/225.png
2803,Bryant Bulldogs,Bryant,Bryant,Bulldogs,BRY,000000,https://a.espncdn.com/i/teamlogos/ncaa/500/2803.png
2083,Bucknell Bison,Bucknell,Bucknell,Bison,BUCK,000060,https://a.espncdn.com/i/teamlogos/ncaa/500/2083.png
2084,Buffalo Bulls,Buffalo,Buffalo,Bulls,BUF,041A9B,https://a.espncdn.com/i/teamlogos/ncaa/500/2084.png
2086,Butler Bulldogs,Butler,Butler,Bulldogs,BUT,0d1361,https://a.espncdn.com/i/teamlogos/ncaa/500/2086.png
13,Cal Poly Mustangs,Cal Poly,Cal Poly,Mustangs,CP,1E4D2B,https://a.espncdn.com/i/teamlogos/ncaa/500/13.png
2934,Cal State Bakersfield Roadrunners,Bakersfield,Cal State Bakersfield,Roadrunners,CSUB,003BAB,https://a.espncdn.com/i/teamlogos/ncaa/500/2934.png
2239,Cal State Fullerton Titans,Fullerton,Cal State Fullerton,Titans,CSUF,003767,https://a.espncdn.com/i/teamlogos/ncaa/500/2239.png
2463,Cal State Northridge Matadors,CSU Northridge,Cal State Northridge,Matadors,CSUN,b50000,https://a.espncdn.com/i/teamlogos/ncaa/500/2463.png
2856,California Baptist Lancers,CA Baptist,California Baptist,Lancers,CBU,000080,https://a.espncdn.com/i/teamlogos/ncaa/500/2856.png
25,California Golden Bears,California,California,Golden Bears,CAL,031522,https://a.espncdn.com/i/teamlogos/ncaa/500/25.png
2097,Campbell Fighting Camels,Campbell,Campbell,Fighting Camels,CAM,000000,https://a.espncdn.com/i/teamlogos/ncaa/500/2097.png
2099,Canisius Golden Griffins,Canisius,Canisius,Golden Griffins,CAN,004a81,https://a.espncdn.com/i/teamlogos/ncaa/500/2099.png
2110,Central Arkansas Bears,C Arkansas,Central Arkansas,Bears,CARK,a7a9ac,https://a.espncdn.com/i/teamlogos/ncaa/500/2110.png
2115,Central Connecticut Blue Devils,C Connecticut,Central Connecticut,Blue Devils,CCSU,1B49A2,https://a.espncdn.com/i/teamlogos/ncaa/500/2115.png
2117,Central Michigan Chippewas,C Michigan,Central Michigan,Chippewas,CMU,6a0032,https://a.espncdn.com/i/teamlogos/ncaa/500/2117.png
232,Charleston Cougars,Charleston,Charleston,Cougars,COFC,7a2531,https://a.espncdn.com/i/teamlogos/ncaa/500/232.png
2127,Charleston Southern Buccaneers,Charleston So,Charleston Southern,Buccaneers,CHSO,2e3192,https://a.espncdn.com/i/teamlogos/ncaa/500/2127.png
2429,Charlotte 49ers,Charlotte,Charlotte,49ers,CLT,ffffff,https://a.espncdn.com/i/teamlogos/ncaa/500/2429.png
236,Chattanooga Mocs,Chattanooga,Chattanooga,Mocs,UTC,00386b,https://a.espncdn.com/i/teamlogos/ncaa/500/236.png
2130,Chicago State Cougars,Chicago St,Chicago State,Cougars,CHST,006700,https://a.espncdn.com/i/teamlogos/ncaa/500/2130.png
2132,Cincinnati Bearcats,Cincinnati,Cincinnati,Bearcats,CIN,000000,https://a.espncdn.com/i/teamlogos/ncaa/500/2132.png
228,Clemson Tigers,Clemson,Clemson,Tigers,CLEM,f56600,https://a.espncdn.com/i/teamlogos/ncaa/500/228.png
325,Cleveland State Vikings,Cleveland St,Cleveland State,Vikings,CLE,006633,https://a.espncdn.com/i/teamlogos/ncaa/500/325.png
324,Coastal Carolina Chanticleers,Coastal,Coastal Carolina,Chanticleers,CCU,007073,https://a.espncdn.com/i/teamlogos/ncaa/500/324.png
2142,Colgate Raiders,Colgate,Colgate,Raiders,COLG,821019,https://a.espncdn.com/i/teamlogos/ncaa/500/2142.png
38,Colorado Buffaloes,Colorado,Colorado,Buffaloes,COLO,000000,https://a.espncdn.com/i/teamlogos/ncaa/500/38.png
36,Colorado State Rams,Colorado St,Colorado State,Rams,CSU,1e4d2b,https://a.espncdn.com/i/teamlogos/ncaa/500/36.png
171,Columbia Lions,Columbia,Columbia,Lions,COLU,7ba4db,https://a.espncdn.com/i/teamlogos/ncaa/500/171.png
2154,Coppin State Eagles,Coppin St,Coppin State,Eagles,COPP,2e3192,https://a.espncdn.com/i/teamlogos/ncaa/500/2154.png
172,Cornell Big Red,Cornell,Cornell,Big Red,COR,d60027,https://a.espncdn.com/i/teamlogos/ncaa/500/172.png
156,Creighton Bluejays,Creighton,Creighton,Bluejays,CREI,005ca9,https://a.espncdn.com/i/teamlogos/ncaa/500/156.png
159,Dartmouth Big Green,Dartmouth,Dartmouth,Big Green,DART,005730,https://a.espncdn.com/i/teamlogos/ncaa/500/159.png
2166,Davidson Wildcats,Davidson,Davidson,Wildcats,DAV,000000,https://a.espncdn.com/i/teamlogos/ncaa/500/2166.png
2168,Dayton Flyers,Dayton,Dayton,Flyers,DAY,004B8D,https://a.espncdn.com/i/teamlogos/ncaa/500/2168.png
305,DePaul Blue Demons,DePaul,DePaul,Blue Demons,DEP,2d649c,https://a.espncdn.com/i/teamlogos/ncaa/500/305.png
48,Delaware Blue Hens,Delaware,Delaware,Blue Hens,DEL,033594,https://a.espncdn.com/i/teamlogos/ncaa/500/48.png
2169,Delaware State Hornets,Delaware St,Delaware State,Hornets,DSU,009cdb,https://a.espncdn.com/i/teamlogos/ncaa/500/2169.png
2172,Denver Pioneers,Denver,Denver,Pioneers,DEN,98002e,https://a.espncdn.com/i/teamlogos/ncaa/500/2172.png
2174,Detroit Mercy Titans,Detroit Mercy,Detroit Mercy,Titans,DETM,165b9e,https://a.espncdn.com/i/teamlogos/ncaa/500/2174.png
2181,Drake Bulldogs,Drake,Drake,Bulldogs,DRKE,005596,https://a.espncdn.com/i/teamlogos/ncaa/500/2181.png
2182,Drexel Dragons,Drexel,Drexel,Dragons,DREX,020260,https://a.espncdn.com/i/teamlogos/ncaa/500/2182.png
150,Duke Blue Devils,Duke,Duke,Blue Devils,DUKE,013088,https://a.espncdn.com/i/teamlogos/ncaa/500/150.png
2184,Duquesne Dukes,Duquesne,Duquesne,Dukes,DUQ,002D62,https://a.espncdn.com/i/teamlogos/ncaa/500/2184.png
151,East Carolina Pirates,East Carolina,East Carolina,Pirates,ECU,4b1869,https://a.espncdn.com/i/teamlogos/ncaa/500/151.png
2193,East Tennessee State Buccaneers,ETSU,East Tennessee State,Buccaneers,ETSU,002d61,https://a.espncdn.com/i/teamlogos/ncaa/500/2193.png
2837,East Texas A&M Lions,E Texas A&M,East Texas A&M,Lions,ETAM,000000,https://a.espncdn.com/i/teamlogos/ncaa/500/2837.png
2197,Eastern Illinois Panthers,E Illinois,Eastern Illinois,Panthers,EIU,000000,https://a.espncdn.com/i/teamlogos/ncaa/500/2197.png
2198,Eastern Kentucky Colonels,E Kentucky,Eastern Kentucky,Colonels,EKU,660819,https://a.espncdn.com/i/teamlogos/ncaa/500/2198.png
2199,Eastern Michigan Eagles,E Michigan,Eastern Michigan,Eagles,EMU,00331b,https://a.espncdn.com/i/teamlogos/ncaa/500/2199.png
331,Eastern Washington Eagles,E Washington,Eastern Washington,Eagles,EWU,a10022,https://a.espncdn.com/i/teamlogos/ncaa/500/331.png
2210,Elon Phoenix,Elon,Elon,Phoenix,ELON,020303,https://a.espncdn.com/i/teamlogos/ncaa/500/2210.png
339,Evansville Purple Aces,Evansville,Evansville,Purple Aces,EVAN,663399,https://a.espncdn.com/i/teamlogos/ncaa/500/339.png
2217,Fairfield Stags,Fairfield,Fairfield,Stags,FAIR,000000,https://a.espncdn.com/i/teamlogos/ncaa/500/2217.png
161,Fairleigh Dickinson Knights,FDU,Fairleigh Dickinson,Knights,FDU,72293c,https://a.espncdn.com/i/teamlogos/ncaa/500/161.png
50,Florida A&M Rattlers,Florida A&M,Florida A&M,Rattlers,FAMU,F89728,https://a.espncdn.com/i/teamlogos/ncaa/500/50.png
2226,Florida Atlantic Owls,FAU,Florida Atlantic,Owls,FAU,00447c,https://a.espncdn.com/i/teamlogos/ncaa/500/2226.png
57,Florida Gators,Florida,Florida,Gators,FLA,0021a5,https://a.espncdn.com/i/teamlogos/ncaa/500/57.png
526,Florida Gulf Coast Eagles,FGCU,Florida Gulf Coast,Eagles,FGCU,00885a,https://a.espncdn.com/i/teamlogos/ncaa/500/526.png
2229,Florida International Panthers,FIU,Florida International,Panthers,FIU,091731,https://a.espncdn.com/i/teamlogos/ncaa/500/2229.png
52,Florida State Seminoles,Florida St,Florida State,Seminoles,FSU,782f40,https://a.espncdn.com/i/teamlogos/ncaa/500/52.png
2230,Fordham Rams,Fordham,Fordham,Rams,FOR,830032,https://a.espncdn.com/i/teamlogos/ncaa/500/2230.png
278,Fresno State Bulldogs,Fresno St,Fresno State,Bulldogs,FRES,c41230,https://a.espncdn.com/i/teamlogos/ncaa/500/278.png
231,Furman Paladins,Furman,Furman,Paladins,FUR,582c83,https://a.espncdn.com/i/teamlogos/ncaa/500/231.png
2241,Gardner-Webb Runnin' Bulldogs,Gardner-Webb,Gardner-Webb,Runnin' Bulldogs,GWEB,c12535,https://a.espncdn.com/i/teamlogos/ncaa/500/2241.png
2244,George Mason Patriots,George Mason,George Mason,Patriots,GMU,016600,https://a.espncdn.com/i/teamlogos/ncaa/500/2244.png
45,George Washington Revolutionaries,G Washington,George Washington,Revolutionaries,GW,002843,https://a.espncdn.com/i/teamlogos/ncaa/500/45.png
46,Georgetown Hoyas,Georgetown,Georgetown,Hoyas,GTWN,110E42,https://a.espncdn.com/i/teamlogos/ncaa/500/46.png
61,Georgia Bulldogs,Georgia,Georgia,Bulldogs,UGA,ba0c2f,https://a.espncdn.com/i/teamlogos/ncaa/500/61.png
290,Georgia Southern Eagles,GA Southern,Georgia Southern,Eagles,GASO,003775,https://a.espncdn.com/i/teamlogos/ncaa/500/290.png
2247,Georgia State Panthers,Georgia St,Georgia State,Panthers,GAST,1e539a,https://a.espncdn.com/i/teamlogos/ncaa/500/2247.png
59,Georgia Tech Yellow Jackets,Georgia Tech,Georgia Tech,Yellow Jackets,GT,003057,https://a.espncdn.com/i/teamlogos/ncaa/500/59.png
2250,Gonzaga Bulldogs,Gonzaga,Gonzaga,Bulldogs,GONZ,041e42,https://a.espncdn.com/i/teamlogos/ncaa/500/2250.png
2755,Grambling Tigers,Grambling,Grambling,Tigers,GRAM,ee8601,https://a.espncdn.com/i/teamlogos/ncaa/500/2755.png
2253,Grand Canyon Lopes,Grand Canyon,Grand Canyon,Lopes,GCU,522398,https://a.espncdn.com/i/teamlogos/ncaa/500/2253.png
2739,Green Bay Phoenix,Green Bay,Green Bay,Phoenix,GB,006633,https://a.espncdn.com/i/teamlogos/ncaa/500/2739.png
2261,Hampton Pirates,Hampton,Hampton,Pirates,HAMP,0067AC,https://a.espncdn.com/i/teamlogos/ncaa/500/2261.png
108,Harvard Crimson,Harvard,Harvard,Crimson,HARV,990000,https://a.espncdn.com/i/teamlogos/ncaa/500/108.png
62,Hawai'i Rainbow Warriors,Hawai’i,Hawai'i,Rainbow Warriors,HAW,003420,https://a.espncdn.com/i/teamlogos/ncaa/500/62.png
2272,High Point Panthers,High Point,High Point,Panthers,HPU,b0b7bc,https://a.espncdn.com/i/teamlogos/ncaa/500/2272.png
2275,Hofstra Pride,Hofstra,Hofstra,Pride,HOF,003594,https://a.espncdn.com/i/teamlogos/ncaa/500/2275.png
107,Holy Cross Crusaders,Holy Cross,Holy Cross,Crusaders,HC,582c83,https://a.espncdn.com/i/teamlogos/ncaa/500/107.png
2277,Houston Christian Huskies,Hou Christian,Houston Christian,Huskies,HCU,00539c,https://a.espncdn.com/i/teamlogos/ncaa/500/2277.png
248,Houston Cougars,Houston,Houston,Cougars,HOU,c92a39,https://a.espncdn.com/i/teamlogos/ncaa/500/248.png
47,Howard Bison,Howard,Howard,Bison,HOW,003a63,https://a.espncdn.com/i/teamlogos/ncaa/500/47.png
85,IU Indianapolis Jaguars,IU Indy,IU Indianapolis,Jaguars,IUIN,A81F30,https://a.espncdn.com/i/teamlogos/ncaa/500/85.png
304,Idaho State Bengals,Idaho St,Idaho State,Bengals,IDST,ef8c00,https://a.espncdn.com/i/teamlogos/ncaa/500/304.png
70,Idaho Vandals,Idaho,Idaho,Vandals,IDHO,000000,https://a.espncdn.com/i/teamlogos/ncaa/500/70.png
356,Illinois Fighting Illini,Illinois,Illinois,Fighting Illini,ILL,ff5f05,https://a.espncdn.com/i/teamlogos/ncaa/500/356.png
2287,Illinois State Redbirds,Illinois St,Illinois State,Redbirds,ILST,CE1126,https://a.espncdn.com/i/teamlogos/ncaa/500/2287.png
2916,Incarnate Word Cardinals,Incarnate Word,Incarnate Word,Cardinals,UIW,000000,https://a.espncdn.com/i/teamlogos/ncaa/500/2916.png
84,Indiana Hoosiers,Indiana,Indiana,Hoosiers,IU,990000,https://a.espncdn.com/i/teamlogos/ncaa/500/84.png
282,Indiana State Sycamores,Indiana St,Indiana State,Sycamores,INST,00669a,https://a.espncdn.com/i/teamlogos/ncaa/500/282.png
314,Iona Gaels,Iona,Iona,Gaels,IONA,6f2c3e,https://a.espncdn.com/i/teamlogos/ncaa/500/314.png
2294,Iowa Hawkeyes,Iowa,Iowa,Hawkeyes,IOWA,000000,https://a.espncdn.com/i/teamlogos/ncaa/500/2294.png
66,Iowa State Cyclones,Iowa State,Iowa State,Cyclones,ISU,822433,https://a.espncdn.com/i/teamlogos/ncaa/500/66.png
2296,Jackson State Tigers,Jackson St,Jackson State,Tigers,JKST,123297,https://a.espncdn.com/i/teamlogos/ncaa/500/2296.png
294,Jacksonville Dolphins,Jacksonville,Jacksonville,Dolphins,JAX,00523e,https://a.espncdn.com/i/teamlogos/ncaa/500/294.png
55,Jacksonville State Gamecocks,Jax State,Jacksonville State,Gamecocks,JXST,b50500,https://a.espncdn.com/i/teamlogos/ncaa/500/55.png
256,James Madison Dukes,James Madison,James Madison,Dukes,JMU,450084,https://a.espncdn.com/i/teamlogos/ncaa/500/256.png
140,Kansas City Roos,Kansas City,Kansas City,Roos,KC,004b87,https://a.espncdn.com/i/teamlogos/ncaa/500/140.png
2305,Kansas Jayhawks,Kansas,Kansas,Jayhawks,KU,0051ba,https://a.espncdn.com/i/teamlogos/ncaa/500/2305.png
2306,Kansas State Wildcats,Kansas St,Kansas State,Wildcats,KSU,3c0969,https://a.espncdn.com/i/teamlogos/ncaa/500/2306.png
338,Kennesaw State Owls,Kennesaw St,Kennesaw State,Owls,KENN,fdbb30,https://a.espncdn.com/i/teamlogos/ncaa/500/338.png
2309,Kent State Golden Flashes,Kent State,Kent State,Golden Flashes,KENT,003976,https://a.espncdn.com/i/teamlogos/ncaa/500/2309.png
96,Kentucky Wildcats,Kentucky,Kentucky,Wildcats,UK,0033a0,https://a.espncdn.com/i/teamlogos/ncaa/500/96.png
99,LSU Tigers,LSU,LSU,Tigers,LSU,461d7c,https://a.espncdn.com/i/teamlogos/ncaa/500/99.png
2325,La Salle Explorers,La Salle,La Salle,Explorers,LAS,003356,https://a.espncdn.com/i/teamlogos/ncaa/500/2325.png
322,Lafayette Leopards,Lafayette,Lafayette,Leopards,LAF,790000,https://a.espncdn.com/i/teamlogos/ncaa/500/322.png
2320,Lamar Cardinals,Lamar,Lamar,Cardinals,LAM,000000,https://a.espncdn.com/i/teamlogos/ncaa/500/2320.png
2330,Le Moyne Dolphins,Le Moyne,Le Moyne,Dolphins,LEM,,https://a.espncdn.com/i/teamlogos/ncaa/500/2330.png
2329,Lehigh Mountain Hawks,Lehigh,Lehigh,Mountain Hawks,LEH,6c2b2a,https://a.espncdn.com/i/teamlogos/ncaa/500/2329.png
2335,Liberty Flames,Liberty,Liberty,Flames,LIB,071740,https://a.espncdn.com/i/teamlogos/ncaa/500/2335.png
288,Lipscomb Bisons,Lipscomb,Lipscomb,Bisons,LIP,20366C,https://a.espncdn.com/i/teamlogos/ncaa/500/288.png
2031,Little Rock Trojans,Little Rock,Little Rock,Trojans,LR,AD0000,https://a.espncdn.com/i/teamlogos/ncaa/500/2031.png
299,Long Beach State Beach,Long Beach St,Long Beach State,Beach,LBSU,000000,https://a.espncdn.com/i/teamlogos/ncaa/500/299.png
112358,Long Island University Sharks,Long Island,Long Island University,Sharks,LIU,50c9f7,https://a.espncdn.com/i/teamlogos/ncaa/500/112358.png
2344,Longwood Lancers,Longwood,Longwood,Lancers,LONG,003273,https://a.espncdn.com/i/teamlogos/ncaa/500/2344.png
309,Louisiana Ragin' Cajuns,Louisiana,Louisiana,Ragin' Cajuns,UL,ce181e,https://a.espncdn.com/i/teamlogos/ncaa/500/309.png
2348,Louisiana Tech Bulldogs,Louisiana Tech,Louisiana Tech,Bulldogs,LT,002d65,https://a.espncdn.com/i/teamlogos/ncaa/500/2348.png
97,Louisville Cardinals,Louisville,Louisville,Cardinals,LOU,c9001f,https://a.espncdn.com/i/teamlogos/ncaa/500/97.png
2350,Loyola Chicago Ramblers,Loyola Chicago,Loyola Chicago,Ramblers,LUC,9d1244,https://a.espncdn.com/i/teamlogos/ncaa/500/2350.png
2352,Loyola Maryland Greyhounds,Loyola MD,Loyola Maryland,Greyhounds,L-MD,76a7a0,https://a.espncdn.com/i/teamlogos/ncaa/500/2352.png
2351,Loyola Marymount Lions,LMU,Loyola Marymount,Lions,LMU,880029,https://a.espncdn.com/i/teamlogos/ncaa/500/2351.png
311,Maine Black Bears,Maine,Maine,Black Bears,ME,127dbe,https://a.espncdn.com/i/teamlogos/ncaa/500/311.png
2363,Manhattan Jaspers,Manhattan,Manhattan,Jaspers,MAN,4f8537,https://a.espncdn.com/i/teamlogos/ncaa/500/2363.png
2368,Marist Red Foxes,Marist,Marist,Red Foxes,MRST,e53730,https://a.espncdn.com/i/teamlogos/ncaa/500/2368.png
269,Marquette Golden Eagles,Marquette,Marquette,Golden Eagles,MARQ,003366,https://a.espncdn.com/i/teamlogos/ncaa/500/269.png
276,Marshall Thundering Herd,Marshall,Marshall,Thundering Herd,MRSH,00ae42,https://a.espncdn.com/i/teamlogos/ncaa/500/276.png
2379,Maryland Eastern Shore Hawks,MD Eastern,Maryland Eastern Shore,Hawks,UMES,5c2301,https://a.espncdn.com/i/teamlogos/ncaa/500/2379.png
120,Maryland Terrapins,Maryland,Maryland,Terrapins,MD,D5002B,https://a.espncdn.com/i/teamlogos/ncaa/500/120.png
113,Massachusetts Minutemen,UMass,Massachusetts,Minutemen,MASS,880007,https://a.espncdn.com/i/teamlogos/ncaa/500/113.png
2377,McNeese Cowboys,McNeese,McNeese,Cowboys,MCN,00529C,https://a.espncdn.com/i/teamlogos/ncaa/500/2377.png
235,Memphis Tigers,Memphis,Memphis,Tigers,MEM,004991,https://a.espncdn.com/i/teamlogos/ncaa/500/235.png
2382,Mercer Bears,Mercer,Mercer,Bears,MER,ff7f29,https://a.espncdn.com/i/teamlogos/ncaa/500/2382.png
2385,Mercyhurst Lakers,Mercyhurst,Mercyhurst,Lakers,MERC,000000,https://a.espncdn.com/i/teamlogos/ncaa/500/2385.png
2771,Merrimack Warriors,Merrimack,Merrimack,Warriors,MRMK,2f4f93,https://a.espncdn.com/i/teamlogos/ncaa/500/2771.png
193,Miami (OH) RedHawks,Miami OH,Miami (OH),RedHawks,M-OH,a4000c,https://a.espncdn.com/i/teamlogos/ncaa/500/193.png
2390,Miami Hurricanes,Miami,Miami,Hurricanes,MIA,005030,https://a.espncdn.com/i/teamlogos/ncaa/500/2390.png
127,Michigan State Spartans,Michigan St,Michigan State,Spartans,MSU,18453b,https://a.espncdn.com/i/teamlogos/ncaa/500/127.png
130,Michigan Wolverines,Michigan,Michigan,Wolverines,MICH,00274c,https://a.espncdn.com/i/teamlogos/ncaa/500/130.png
2393,Middle Tennessee Blue Raiders,MTSU,Middle Tennessee,Blue Raiders,MTSU,006db6,https://a.espncdn.com/i/teamlogos/ncaa/500/2393.png
270,Milwaukee Panthers,Milwaukee,Milwaukee,Panthers,MILW,000000,https://a.espncdn.com/i/teamlogos/ncaa/500/270.png
135,Minnesota Golden Gophers,Minnesota,Minnesota,Golden Gophers,MINN,5e0a2f,https://a.espncdn.com/i/teamlogos/ncaa/500/135.png
344,Mississippi State Bulldogs,Mississippi St,Mississippi State,Bulldogs,MSST,5d1725,https://a.espncdn.com/i/teamlogos/ncaa/500/344.png
2400,Mississippi Valley State Delta Devils,Miss Valley St,Mississippi Valley State,Delta Devils,MVSU,005328,https://a.espncdn.com/i/teamlogos/ncaa/500/2400.png
2623,Missouri State Bears,Missouri St,Missouri State,Bears,MOST,5F0000,https://a.espncdn.com/i/teamlogos/ncaa/500/2623.png
142,Missouri Tigers,Missouri,Missouri,Tigers,MIZ,f1b82d,https://a.espncdn.com/i/teamlogos/ncaa/500/142.png
2405,Monmouth Hawks,Monmouth,Monmouth,Hawks,MONM,051844,https://a.espncdn.com/i/teamlogos/ncaa/500/2405.png
149,Montana Grizzlies,Montana,Montana,Grizzlies,MONT,751D4A,https://a.espncdn.com/i/teamlogos/ncaa/500/149.png
147,Montana State Bobcats,Montana St,Montana State,Bobcats,MTST,00205c,https://a.espncdn.com/i/teamlogos/ncaa/500/147.png
2413,Morehead State Eagles,Morehead St,Morehead State,Eagles,MORE,094FA3,https://a.espncdn.com/i/teamlogos/ncaa/500/2413.png
2415,Morgan State Bears,Morgan St,Morgan State,Bears,MORG,014786,https://a.espncdn.com/i/teamlogos/ncaa/500/2415.png
116,Mount St. Mary's Mountaineers,Mount St Marys,Mount St. Mary's,Mountaineers,MSM,005596,https://a.espncdn.com/i/teamlogos/ncaa/500/116.png
93,Murray State Racers,Murray St,Murray State,Racers,MUR,002148,https://a.espncdn.com/i/teamlogos/ncaa/500/93.png
152,NC State Wolfpack,NC State,NC State,Wolfpack,NCSU,cc0000,https://a.espncdn.com/i/teamlogos/ncaa/500/152.png
2885,NJIT Highlanders,NJIT,NJIT,Highlanders,NJIT,EE3024,https://a.espncdn.com/i/teamlogos/ncaa/500/2885.png
2426,Navy Midshipmen,Navy,Navy,Midshipmen,NAVY,00225b,https://a.espncdn.com/i/teamlogos/ncaa/500/2426.png
158,Nebraska Cornhuskers,Nebraska,Nebraska,Cornhuskers,NEB,d00000,https://a.espncdn.com/i/teamlogos/ncaa/500/158.png
2440,Nevada Wolf Pack,Nevada,Nevada,Wolf Pack,NEV,002d62,https://a.espncdn.com/i/teamlogos/ncaa/500/2440.png
160,New Hampshire Wildcats,New Hampshire,New Hampshire,Wildcats,UNH,004990,https://a.espncdn.com/i/teamlogos/ncaa/500/160.png
2441,New Haven Chargers,New Haven,New Haven,Chargers,NHVN,041e42,https://a.espncdn.com/i/teamlogos/ncaa/500/2441.png
167,New Mexico Lobos,New Mexico,New Mexico,Lobos,UNM,000000,https://a.espncdn.com/i/teamlogos/ncaa/500/167.png
166,New Mexico State Aggies,New Mexico St,New Mexico State,Aggies,NMSU,891216,https://a.espncdn.com/i/teamlogos/ncaa/500/166.png
2443,New Orleans Privateers,New Orleans,New Orleans,Privateers,UNO,005da6,https://a.espncdn.com/i/teamlogos/ncaa/500/2443.png
315,Niagara Purple Eagles,Niagara,Niagara,Purple Eagles,NIA,69207E,https://a.espncdn.com/i/teamlogos/ncaa/500/315.png
2447,Nicholls Colonels,Nicholls,Nicholls,Colonels,NICH,C41230,https://a.espncdn.com/i/teamlogos/ncaa/500/2447.png
2450,Norfolk State Spartans,Norfolk St,Norfolk State,Spartans,NORF,0c8968,https://a.espncdn.com/i/teamlogos/ncaa/500/2450.png
2453,North Alabama Lions,North Alabama,North Alabama,Lions,UNA,663399,https://a.espncdn.com/i/teamlogos/ncaa/500/2453.png
2448,North Carolina A&T Aggies,NC A&T,North Carolina A&T,Aggies,NCAT,0505aa,https://a.espncdn.com/i/teamlogos/ncaa/500/2448.png
2428,North Carolina Central Eagles,NC Central,North Carolina Central,Eagles,NCCU,880023,https://a.espncdn.com/i/teamlogos/ncaa/500/2428.png
153,North Carolina Tar Heels,North Carolina,North Carolina,Tar Heels,UNC,7bafd4,https://a.espncdn.com/i/teamlogos/ncaa/500/153.png
155,North Dakota Fighting Hawks,North Dakota,North Dakota,Fighting Hawks,UND,00A26B,https://a.espncdn.com/i/teamlogos/ncaa/500/155.png
2449,North Dakota State Bison,N Dakota St,North Dakota State,Bison,NDSU,01402A,https://a.espncdn.com/i/teamlogos/ncaa/500/2449.png
2454,North Florida Ospreys,North Florida,North Florida,Ospreys,UNF,004B8D,https://a.espncdn.com/i/teamlogos/ncaa/500/2454.png
249,North Texas Mean Green,North Texas,North Texas,Mean Green,UNT,ffffff,https://a.espncdn.com/i/teamlogos/ncaa/500/249.png
111,Northeastern Huskies,Northeastern,Northeastern,Huskies,NE,CC0001,https://a.espncdn.com/i/teamlogos/ncaa/500/111.png
2464,Northern Arizona Lumberjacks,N Arizona,Northern Arizona,Lumberjacks,NAU,003976,https://a.espncdn.com/i/teamlogos/ncaa/500/2464.png
2458,Northern Colorado Bears,N Colorado,Northern Colorado,Bears,UNCO,13558D,https://a.espncdn.com/i/teamlogos/ncaa/500/2458.png
2459,Northern Illinois Huskies,N Illinois,Northern Illinois,Huskies,NIU,F1122C,https://a.espncdn.com/i/teamlogos/ncaa/500/2459.png
2460,Northern Iowa Panthers,Northern Iowa,Northern Iowa,Panthers,UNI,473282,https://a.espncdn.com/i/teamlogos/ncaa/500/2460.png
94,Northern Kentucky Norse,N Kentucky,Northern Kentucky,Norse,NKU,ffc82e,https://a.espncdn.com/i/teamlogos/ncaa/500/94.png
2466,Northwestern State Demons,N'Western St,Northwestern State,Demons,NWST,492F91,https://a.espncdn.com/i/teamlogos/ncaa/500/2466.png
77,Northwestern Wildcats,Northwestern,Northwestern,Wildcats,NU,582c83,https://a.espncdn.com/i/teamlogos/ncaa/500/77.png
87,Notre Dame Fighting Irish,Notre Dame,Notre Dame,Fighting Irish,ND,0c2340,https://a.espncdn.com/i/teamlogos/ncaa/500/87.png
2473,Oakland Golden Grizzlies,Oakland,Oakland,Golden Grizzlies,OAK,04091c,https://a.espncdn.com/i/teamlogos/ncaa/500/2473.png
195,Ohio Bobcats,Ohio,Ohio,Bobcats,OHIO,295A29,https://a.espncdn.com/i/teamlogos/ncaa/500/195.png
194,Ohio State Buckeyes,Ohio State,Ohio State,Buckeyes,OSU,ce1141,https://a.espncdn.com/i/teamlogos/ncaa/500/194.png
201,Oklahoma Sooners,Oklahoma,Oklahoma,Sooners,OU,a32036,https://a.espncdn.com/i/teamlogos/ncaa/500/201.png
197,Oklahoma State Cowboys,Oklahoma St,Oklahoma State,Cowboys,OKST,000000,https://a.espncdn.com/i/teamlogos/ncaa/500/197.png
295,Old Dominion Monarchs,Old Dominion,Old Dominion,Monarchs,ODU,00507d,https://a.espncdn.com/i/teamlogos/ncaa/500/295.png
145,Ole Miss Rebels,Ole Miss,Ole Miss,Rebels,MISS,13294b,https://a.espncdn.com/i/teamlogos/ncaa/500/145.png
2437,Omaha Mavericks,Omaha,Omaha,Mavericks,OMA,e3193e,https://a.espncdn.com/i/teamlogos/ncaa/500/2437.png
198,Oral Roberts Golden Eagles,Oral Roberts,Oral Roberts,Golden Eagles,ORU,002462,https://a.espncdn.com/i/teamlogos/ncaa/500/198.png
2483,Oregon Ducks,Oregon,Oregon,Ducks,ORE,007030,https://a.espncdn.com/i/teamlogos/ncaa/500/2483.png
204,Oregon State Beavers,Oregon St,Oregon State,Beavers,ORST,231f20,https://a.espncdn.com/i/teamlogos/ncaa/500/204.png
279,Pacific Tigers,Pacific,Pacific,Tigers,PAC,F47820,https://a.espncdn.com/i/teamlogos/ncaa/500/279.png
213,Penn State Nittany Lions,Penn State,Penn State,Nittany Lions,PSU,00265D,https://a.espncdn.com/i/teamlogos/ncaa/500/213.png
219,Pennsylvania Quakers,Penn,Pennsylvania,Quakers,PENN,082A74,https://a.espncdn.com/i/teamlogos/ncaa/500/219.png
2492,Pepperdine Waves,Pepperdine,Pepperdine,Waves,PEPP,003A72,https://a.espncdn.com/i/teamlogos/ncaa/500/2492.png
221,Pittsburgh Panthers,Pitt,Pittsburgh,Panthers,PITT,003263,https://a.espncdn.com/i/teamlogos/ncaa/500/221.png
2501,Portland Pilots,Portland,Portland,Pilots,PORT,330072,https://a.espncdn.com/i/teamlogos/ncaa/500/2501.png
2502,Portland State Vikings,Portland St,Portland State,Vikings,PRST,00311e,https://a.espncdn.com/i/teamlogos/ncaa/500/2502.png
2504,Prairie View A&M Panthers,Prairie View,Prairie View A&M,Panthers,PV,4d0960,https://a.espncdn.com/i/teamlogos/ncaa/500/2504.png
2506,Presbyterian Blue Hose,Presbyterian,Presbyterian,Blue Hose,PRES,194896,https://a.espncdn.com/i/teamlogos/ncaa/500/2506.png
163,Princeton Tigers,Princeton,Princeton,Tigers,PRIN,000000,https://a.espncdn.com/i/teamlogos/ncaa/500/163.png
2507,Providence Friars,Providence,Providence,Friars,PROV,000000,https://a.espncdn.com/i/teamlogos/ncaa/500/2507.png
2509,Purdue Boilermakers,Purdue,Purdue,Boilermakers,PUR,000000,https://a.espncdn.com/i/teamlogos/ncaa/500/2509.png
2870,Purdue Fort Wayne Mastodons,Purdue FW,Purdue Fort Wayne,Mastodons,PFW,cfb991,https://a.espncdn.com/i/teamlogos/ncaa/500/2870.png
2514,Quinnipiac Bobcats,Quinnipiac,Quinnipiac,Bobcats,QUIN,041B43,https://a.espncdn.com/i/teamlogos/ncaa/500/2514.png
2515,Radford Highlanders,Radford,Radford,Highlanders,RAD,BC1515,https://a.espncdn.com/i/teamlogos/ncaa/500/2515.png
227,Rhode Island Rams,Rhode Island,Rhode Island,Rams,URI,091f3f,https://a.espncdn.com/i/teamlogos/ncaa/500/227.png
242,Rice Owls,Rice,Rice,Owls,RICE,00205b,https://a.espncdn.com/i/teamlogos/ncaa/500/242.png
257,Richmond Spiders,Richmond,Richmond,Spiders,RICH,9e0712,https://a.espncdn.com/i/teamlogos/ncaa/500/257.png
2520,Rider Broncs,Rider,Rider,Broncs,RID,a80532,https://a.espncdn.com/i/teamlogos/ncaa/500/2520.png
2523,Robert Morris Colonials,Robert Morris,Robert Morris,Colonials,RMU,00214D,https://a.espncdn.com/i/teamlogos/ncaa/500/2523.png
164,Rutgers Scarlet Knights,Rutgers,Rutgers,Scarlet Knights,RUTG,d21034,https://a.espncdn.com/i/teamlogos/ncaa/500/164.png
2545,SE Louisiana Lions,SE Louisiana,SE Louisiana,Lions,SELA,215732,https://a.espncdn.com/i/teamlogos/ncaa/500/2545.png
2565,SIU Edwardsville Cougars,SIUE,SIU Edwardsville,Cougars,SIUE,eb1c23,https://a.espncdn.com/i/teamlogos/ncaa/500/2565.png
2567,SMU Mustangs,SMU,SMU,Mustangs,SMU,354ca1,https://a.espncdn.com/i/teamlogos/ncaa/500/2567.png
16,Sacramento State Hornets,Sacramento St,Sacramento State,Hornets,SAC,00573C,https://a.espncdn.com/i/teamlogos/ncaa/500/16.png
2529,Sacred Heart Pioneers,Sacred Heart,Sacred Heart,Pioneers,SHU,a40012,https://a.espncdn.com/i/teamlogos/ncaa/500/2529.png
2598,Saint Francis Red Flash,Saint Francis,Saint Francis,Red Flash,SFPA,a20012,https://a.espncdn.com/i/teamlogos/ncaa/500/2598.png
2603,Saint Joseph's Hawks,Saint Joseph's,Saint Joseph's,Hawks,JOES,9e1b32,https://a.espncdn.com/i/teamlogos/ncaa/500/2603.png
139,Saint Louis Billikens,Saint Louis,Saint Louis,Billikens,SLU,00539C,https://a.espncdn.com/i/teamlogos/ncaa/500/139.png
2608,Saint Mary's Gaels,Saint Mary's,Saint Mary's,Gaels,SMC,d80024,https://a.espncdn.com/i/teamlogos/ncaa/500/2608.png
2612,Saint Peter's Peacocks,Saint Peter's,Saint Peter's,Peacocks,SPU,004CC2,https://a.espncdn.com/i/teamlogos/ncaa/500/2612.png
2534,Sam Houston Bearkats,Sam Houston,Sam Houston,Bearkats,SHSU,fe5000,https://a.espncdn.com/i/teamlogos/ncaa/500/2534.png
2535,Samford Bulldogs,Samford,Samford,Bulldogs,SAM,005485,https://a.espncdn.com/i/teamlogos/ncaa/500/2535.png
21,San Diego State Aztecs,San Diego St,San Diego State,Aztecs,SDSU,c41230,https://a.espncdn.com/i/teamlogos/ncaa/500/21.png
301,San Diego Toreros,San Diego,San Diego,Toreros,USD,2f99d4,https://a.espncdn.com/i/teamlogos/ncaa/500/301.png
2539,San Francisco Dons,San Francisco,San Francisco,Dons,SF,005a36,https://a.espncdn.com/i/teamlogos/ncaa/500/2539.png
23,San José State Spartans,San José St,San José State,Spartans,SJSU,005893,https://a.espncdn.com/i/teamlogos/ncaa/500/23.png
2541,Santa Clara Broncos,Santa Clara,Santa Clara,Broncos,SCU,690b0b,https://a.espncdn.com/i/teamlogos/ncaa/500/2541.png
2547,Seattle U Redhawks,Seattle U,Seattle U,Redhawks,SEA,BF2E1A,https://a.espncdn.com/i/teamlogos/ncaa/500/2547.png
2550,Seton Hall Pirates,Seton Hall,Seton Hall,Pirates,HALL,0857B1,https://a.espncdn.com/i/teamlogos/ncaa/500/2550.png
2561,Siena Saints,Siena,Siena,Saints,SIE,037961,https://a.espncdn.com/i/teamlogos/ncaa/500/2561.png
6,South Alabama Jaguars,South Alabama,South Alabama,Jaguars,USA,003E7E,https://a.espncdn.com/i/teamlogos/ncaa/500/6.png
2579,South Carolina Gamecocks,South Carolina,South Carolina,Gamecocks,SC,73000a,https://a.espncdn.com/i/teamlogos/ncaa/500/2579.png
2569,South Carolina State Bulldogs,SC State,South Carolina State,Bulldogs,SCST,7d1315,https://a.espncdn.com/i/teamlogos/ncaa/500/2569.png
2908,South Carolina Upstate Spartans,SC Upstate,South Carolina Upstate,Spartans,UPST,008545,https://a.espncdn.com/i/teamlogos/ncaa/500/2908.png
233,South Dakota Coyotes,South Dakota,South Dakota,Coyotes,SDAK,CD1241,https://a.espncdn.com/i/teamlogos/ncaa/500/233.png
2571,South Dakota State Jackrabbits,S Dakota St,South Dakota State,Jackrabbits,SDST,0033a0,https://a.espncdn.com/i/teamlogos/ncaa/500/2571.png
58,South Florida Bulls,South Florida,South Florida,Bulls,USF,004A36,https://a.espncdn.com/i/teamlogos/ncaa/500/58.png
2546,Southeast Missouri State Redhawks,SE Missouri,Southeast Missouri State,Redhawks,SEMO,c8102e,https://a.espncdn.com/i/teamlogos/ncaa/500/2546.png
79,Southern Illinois Salukis,S Illinois,Southern Illinois,Salukis,SIU,85283D,https://a.espncdn.com/i/teamlogos/ncaa/500/79.png
2582,Southern Jaguars,Southern,Southern,Jaguars,SOU,004B97,https://a.espncdn.com/i/teamlogos/ncaa/500/2582.png
2572,Southern Miss Golden Eagles,Southern Miss,Southern Miss,Golden Eagles,USM,FFAA3C,https://a.espncdn.com/i/teamlogos/ncaa/500/2572.png
253,Southern Utah Thunderbirds,Southern Utah,Southern Utah,Thunderbirds,SUU,c72026,https://a.espncdn.com/i/teamlogos/ncaa/500/253.png
179,St. Bonaventure Bonnies,St Bonaventure,St. Bonaventure,Bonnies,SBU,70261D,https://a.espncdn.com/i/teamlogos/ncaa/500/179.png
2599,St. John's Red Storm,St John's,St. John's,Red Storm,SJU,d10000,https://a.espncdn.com/i/teamlogos/ncaa/500/2599.png
2900,St. Thomas-Minnesota Tommies,St Thomas (MN),St. Thomas-Minnesota,Tommies,STMN,000000,https://a.espncdn.com/i/teamlogos/ncaa/500/2900.png
24,Stanford Cardinal,Stanford,Stanford,Cardinal,STAN,8c1515,https://a.espncdn.com/i/teamlogos/ncaa/500/24.png
2617,Stephen F. Austin Lumberjacks,SF Austin,Stephen F. Austin,Lumberjacks,SFA,393996,https://a.espncdn.com/i/teamlogos/ncaa/500/2617.png
56,Stetson Hatters,Stetson,Stetson,Hatters,STET,0a5640,https://a.espncdn.com/i/teamlogos/ncaa/500/56.png
284,Stonehill Skyhawks,Stonehill,Stonehill,Skyhawks,STO,000000,https://a.espncdn.com/i/teamlogos/ncaa/500/284.png
2619,Stony Brook Seawolves,Stony Brook,Stony Brook,Seawolves,STBK,990000,https://a.espncdn.com/i/teamlogos/ncaa/500/2619.png
183,Syracuse Orange,Syracuse,Syracuse,Orange,SYR,ff6500,https://a.espncdn.com/i/teamlogos/ncaa/500/183.png
2628,TCU Horned Frogs,TCU,TCU,Horned Frogs,TCU,4d1979,https://a.espncdn.com/i/teamlogos/ncaa/500/2628.png
2627,Tarleton State Texans,Tarleton St,Tarleton State,Texans,TAR,000000,https://a.espncdn.com/i/teamlogos/ncaa/500/2627.png
218,Temple Owls,Temple,Temple,Owls,TEM,A80532,https://a.espncdn.com/i/teamlogos/ncaa/500/218.png
2634,Tennessee State Tigers,Tennessee St,Tennessee State,Tigers,TNST,171796,https://a.espncdn.com/i/teamlogos/ncaa/500/2634.png
2635,Tennessee Tech Golden Eagles,Tennessee Tech,Tennessee Tech,Golden Eagles,TNTC,5A4099,https://a.espncdn.com/i/teamlogos/ncaa/500/2635.png
2633,Tennessee Volunteers,Tennessee,Tennessee,Volunteers,TENN,ff8200,https://a.espncdn.com/i/teamlogos/ncaa/500/2633.png
245,Texas A&M Aggies,Texas A&M,Texas A&M,Aggies,TA&M,500000,https://a.espncdn.com/i/teamlogos/ncaa/500/245.png
357,Texas A&M-Corpus Christi Islanders,Texas A&M-CC,Texas A&M-Corpus Christi,Islanders,AMCC,0067c5,https://a.espncdn.com/i/teamlogos/ncaa/500/357.png
251,Texas Longhorns,Texas,Texas,Longhorns,TEX,c15d26,https://a.espncdn.com/i/teamlogos/ncaa/500/251.png
2640,Texas Southern Tigers,Texas Southern,Texas Southern,Tigers,TXSO,860038,https://a.espncdn.com/i/teamlogos/ncaa/500/2640.png
326,Texas State Bobcats,Texas St,Texas State,Bobcats,TXST,4e1719,https://a.espncdn.com/i/teamlogos/ncaa/500/326.png
2641,Texas Tech Red Raiders,Texas Tech,Texas Tech,Red Raiders,TTU,000000,https://a.espncdn.com/i/teamlogos/ncaa/500/2641.png
2643,The Citadel Bulldogs,The Citadel,The Citadel,Bulldogs,CIT,7badd3,https://a.espncdn.com/i/teamlogos/ncaa/500/2643.png
2649,Toledo Rockets,Toledo,Toledo,Rockets,TOL,0a2240,https://a.espncdn.com/i/teamlogos/ncaa/500/2649.png
119,Towson Tigers,Towson,Towson,Tigers,TOW,FFC229,https://a.espncdn.com/i/teamlogos/ncaa/500/119.png
2653,Troy Trojans,Troy,Troy,Trojans,TROY,AE0210,https://a.espncdn.com/i/teamlogos/ncaa/500/2653.png
2655,Tulane Green Wave,Tulane,Tulane,Green Wave,TULN,006547,https://a.espncdn.com/i/teamlogos/ncaa/500/2655.png
202,Tulsa Golden Hurricane,Tulsa,Tulsa,Golden Hurricane,TLSA,003595,https://a.espncdn.com/i/teamlogos/ncaa/500/202.png
5,UAB Blazers,UAB,UAB,Blazers,UAB,054338,https://a.espncdn.com/i/teamlogos/ncaa/500/5.png
399,UAlbany Great Danes,UAlbany,UAlbany,Great Danes,UALB,3D2777,https://a.espncdn.com/i/teamlogos/ncaa/500/399.png
302,UC Davis Aggies,UC Davis,UC Davis,Aggies,UCD,002855,https://a.espncdn.com/i/teamlogos/ncaa/500/302.png
300,UC Irvine Anteaters,UC Irvine,UC Irvine,Anteaters,UCI,002B5C,https://a.espncdn.com/i/teamlogos/ncaa/500/300.png
27,UC Riverside Highlanders,UC Riverside,UC Riverside,Highlanders,UCR,14234F,https://a.espncdn.com/i/teamlogos/ncaa/500/27.png
28,UC San Diego Tritons,UC San Diego,UC San Diego,Tritons,UCSD,000000,https://a.espncdn.com/i/teamlogos/ncaa/500/28.png
2540,UC Santa Barbara Gauchos,Santa Barbara,UC Santa Barbara,Gauchos,UCSB,1e1840,https://a.espncdn.com/i/teamlogos/ncaa/500/2540.png
2116,UCF Knights,UCF,UCF,Knights,UCF,000000,https://a.espncdn.com/i/teamlogos/ncaa/500/2116.png
26,UCLA Bruins,UCLA,UCLA,Bruins,UCLA,2774ae,https://a.espncdn.com/i/teamlogos/ncaa/500/26.png
41,UConn Huskies,UConn,UConn,Huskies,CONN,0c2340,https://a.espncdn.com/i/teamlogos/ncaa/500/41.png
82,UIC Flames,UIC,UIC,Flames,UIC,001e62,https://a.espncdn.com/i/teamlogos/ncaa/500/82.png
2433,UL Monroe Warhawks,UL Monroe,UL Monroe,Warhawks,ULM,231F20,https://a.espncdn.com/i/teamlogos/ncaa/500/2433.png
2378,UMBC Retrievers,UMBC,UMBC,Retrievers,UMBC,000000,https://a.espncdn.com/i/teamlogos/ncaa/500/2378.png
2349,UMass Lowell River Hawks,UMass Lowell,UMass Lowell,River Hawks,UML,00529C,https://a.espncdn.com/i/teamlogos/ncaa/500/2349.png
2427,UNC Asheville Bulldogs,UNC Asheville,UNC Asheville,Bulldogs,UNCA,003da5,https://a.espncdn.com/i/teamlogos/ncaa/500/2427.png
2430,UNC Greensboro Spartans,UNC Greensboro,UNC Greensboro,Spartans,UNCG,003559,https://a.espncdn.com/i/teamlogos/ncaa/500/2430.png
350,UNC Wilmington Seahawks,UNC Wilmington,UNC Wilmington,Seahawks,UNCW,00665e,https://a.espncdn.com/i/teamlogos/ncaa/500/350.png
2439,UNLV Rebels,UNLV,UNLV,Rebels,UNLV,b10202,https://a.espncdn.com/i/teamlogos/ncaa/500/2439.png
30,USC Trojans,USC,USC,Trojans,USC,9e2237,https://a.espncdn.com/i/teamlogos/ncaa/500/30.png
250,UT Arlington Mavericks,UT Arlington,UT Arlington,Mavericks,UTA,004b7c,https://a.espncdn.com/i/teamlogos/ncaa/500/250.png
2630,UT Martin Skyhawks,UT Martin,UT Martin,Skyhawks,UTM,FF6700,https://a.espncdn.com/i/teamlogos/ncaa/500/2630.png
292,UT Rio Grande Valley Vaqueros,UT Rio Grande,UT Rio Grande Valley,Vaqueros,RGV,dc6000,https://a.espncdn.com/i/teamlogos/ncaa/500/292.png
2638,UTEP Miners,UTEP,UTEP,Miners,UTEP,ff8200,https://a.espncdn.com/i/teamlogos/ncaa/500/2638.png
2636,UTSA Roadrunners,UTSA,UTSA,Roadrunners,UTSA,002A5C,https://a.espncdn.com/i/teamlogos/ncaa/500/2636.png
328,Utah State Aggies,Utah State,Utah State,Aggies,USU,00263a,https://a.espncdn.com/i/teamlogos/ncaa/500/328.png
3101,Utah Tech Trailblazers,Utah Tech,Utah Tech,Trailblazers,UTU,000000,https://a.espncdn.com/i/teamlogos/ncaa/500/3101.png
254,Utah Utes,Utah,Utah,Utes,UTAH,ea002a,https://a.espncdn.com/i/teamlogos/ncaa/500/254.png
3084,Utah Valley Wolverines,Utah Valley,Utah Valley,Wolverines,UVU,004812,https://a.espncdn.com/i/teamlogos/ncaa/500/3084.png
2670,VCU Rams,VCU,VCU,Rams,VCU,ffaf00,https://a.espncdn.com/i/teamlogos/ncaa/500/2670.png
2678,VMI Keydets,VMI,VMI,Keydets,VMI,ae122a,https://a.espncdn.com/i/teamlogos/ncaa/500/2678.png
2674,Valparaiso Beacons,Valparaiso,Valparaiso,Beacons,VAL,794500,https://a.espncdn.com/i/teamlogos/ncaa/500/2674.png
238,Vanderbilt Commodores,Vanderbilt,Vanderbilt,Commodores,VAN,000000,https://a.espncdn.com/i/teamlogos/ncaa/500/238.png
261,Vermont Catamounts,Vermont,Vermont,Catamounts,UVM,154734,https://a.espncdn.com/i/teamlogos/ncaa/500/261.png
222,Villanova Wildcats,Villanova,Villanova,Wildcats,VILL,00205b,https://a.espncdn.com/i/teamlogos/ncaa/500/222.png
258,Virginia Cavaliers,Virginia,Virginia,Cavaliers,UVA,232d4b,https://a.espncdn.com/i/teamlogos/ncaa/500/258.png
259,Virginia Tech Hokies,Virginia Tech,Virginia Tech,Hokies,VT,630031,https://a.espncdn.com/i/teamlogos/ncaa/500/259.png
2681,Wagner Seahawks,Wagner,Wagner,Seahawks,WAG,00483A,https://a.espncdn.com/i/teamlogos/ncaa/500/2681.png
154,Wake Forest Demon Deacons,Wake Forest,Wake Forest,Demon Deacons,WAKE,000000,https://a.espncdn.com/i/teamlogos/ncaa/500/154.png
264,Washington Huskies,Washington,Washington,Huskies,WASH,33006f,https://a.espncdn.com/i/teamlogos/ncaa/500/264.png
265,Washington State Cougars,Washington St,Washington State,Cougars,WSU,981e32,https://a.espncdn.com/i/teamlogos/ncaa/500/265.png
2692,Weber State Wildcats,Weber St,Weber State,Wildcats,WEB,18005a,https://a.espncdn.com/i/teamlogos/ncaa/500/2692.png
2698,West Georgia Wolves,West Georgia,West Georgia,Wolves,WGA,0033a1,https://a.espncdn.com/i/teamlogos/ncaa/500/2698.png
277,West Virginia Mountaineers,West Virginia,West Virginia,Mountaineers,WVU,002855,https://a.espncdn.com/i/teamlogos/ncaa/500/277.png
2717,Western Carolina Catamounts,W Carolina,Western Carolina,Catamounts,WCU,492F91,https://a.espncdn.com/i/teamlogos/ncaa/500/2717.png
2710,Western Illinois Leathernecks,W Illinois,Western Illinois,Leathernecks,WIU,4e1e8a,https://a.espncdn.com/i/teamlogos/ncaa/500/2710.png
98,Western Kentucky Hilltoppers,Western KY,Western Kentucky,Hilltoppers,WKU,F32026,https://a.espncdn.com/i/teamlogos/ncaa/500/98.png
2711,Western Michigan Broncos,W Michigan,Western Michigan,Broncos,WMU,532e1f,https://a.espncdn.com/i/teamlogos/ncaa/500/2711.png
2724,Wichita State Shockers,Wichita St,Wichita State,Shockers,WICH,0d0a03,https://a.espncdn.com/i/teamlogos/ncaa/500/2724.png
2729,William & Mary Tribe,William & Mary,William & Mary,Tribe,W&M,115740,https://a.espncdn.com/i/teamlogos/ncaa/500/2729.png
2737,Winthrop Eagles,Winthrop,Winthrop,Eagles,WIN,9e0b0e,https://a.espncdn.com/i/teamlogos/ncaa/500/2737.png
275,Wisconsin Badgers,Wisconsin,Wisconsin,Badgers,WIS,c4012f,https://a.espncdn.com/i/teamlogos/ncaa/500/275.png
2747,Wofford Terriers,Wofford,Wofford,Terriers,WOF,533B22,https://a.espncdn.com/i/teamlogos/ncaa/500/2747.png
2750,Wright State Raiders,Wright St,Wright State,Raiders,WRST,cba052,https://a.espncdn.com/i/teamlogos/ncaa/500/2750.png
2751,Wyoming Cowboys,Wyoming,Wyoming,Cowboys,WYO,492f24,https://a.espncdn.com/i/teamlogos/ncaa/500/2751.png
2752,Xavier Musketeers,Xavier,Xavier,Musketeers,XAV,21304e,https://a.espncdn.com/i/teamlogos/ncaa/500/2752.png
43,Yale Bulldogs,Yale,Yale,Bulldogs,YALE,004a81,https://a.espncdn.com/i/teamlogos/ncaa/500/43.png
2754,Youngstown State Penguins,Youngstown St,Youngstown State,Penguins,YSU,E51935,https://a.espncdn.com/i/teamlogos/ncaa/500/2754.png
